-- vendor
insert into Vendor (VendorID, VendorName, VendorAddress, VendorUsername, VendorPassword, Latitude, Longtitude, HubID) values (1, 'Desirae Lansly', '13828 Northview Park', 'dlansly0', '7DABLIH0t', 45.7249153, -73.4913241, 1);
insert into Vendor (VendorID, VendorName, VendorAddress, VendorUsername, VendorPassword, Latitude, Longtitude, HubID) values (2, 'Adrienne Bessent', '55 Havey Trail', 'abessent1', 'mNAX1NlgX0T', 26.8310493, 68.1194872, 2);
insert into Vendor (VendorID, VendorName, VendorAddress, VendorUsername, VendorPassword, Latitude, Longtitude, HubID) values (3, 'Josy Edmons', '397 Prairieview Avenue', 'jedmons2', 'oTR85Ab0W', 19.2843786, -99.1894389, 3);
insert into Vendor (VendorID, VendorName, VendorAddress, VendorUsername, VendorPassword, Latitude, Longtitude, HubID) values (4, 'Udell Erwin', '2 Gale Trail', 'uerwin3', 'hqyU6S', -6.9586901, 107.5534739, 4);
insert into Vendor (VendorID, VendorName, VendorAddress, VendorUsername, VendorPassword, Latitude, Longtitude, HubID) values (5, 'Morena Pottie', '2 Debra Junction', 'mpottie4', 'WBZ2XBBt', 19.3785056, -99.1850598, 5);
insert into Vendor (VendorID, VendorName, VendorAddress, VendorUsername, VendorPassword, Latitude, Longtitude, HubID) values (6, 'Dayna Agney', '672 Dayton Street', 'dagney5', 'nEN0ti', -7.2929068, 107.2666396, 6);
insert into Vendor (VendorID, VendorName, VendorAddress, VendorUsername, VendorPassword, Latitude, Longtitude, HubID) values (7, 'Windy Calender', '48 Judy Alley', 'wcalender6', 'lLCezsIf', 32.0631839, -102.0375564, 7);
insert into Vendor (VendorID, VendorName, VendorAddress, VendorUsername, VendorPassword, Latitude, Longtitude, HubID) values (8, 'Yovonnda Duerden', '74869 Oak Valley Place', 'yduerden7', 'R2cZQ0gxoDb', -9.7451212, 124.6082018, 8);
insert into Vendor (VendorID, VendorName, VendorAddress, VendorUsername, VendorPassword, Latitude, Longtitude, HubID) values (9, 'Xaviera Maudlen', '01 Grasskamp Plaza', 'xmaudlen8', 'Gj4vMaoWaX', 57.033151, 22.7767899, 9);
insert into Vendor (VendorID, VendorName, VendorAddress, VendorUsername, VendorPassword, Latitude, Longtitude, HubID) values (10, 'Ellen Cartwight', '2924 South Park', 'ecartwight9', 'n6V1ok0DvB', -6.7185157, 38.7420548, 10);
insert into Vendor (VendorID, VendorName, VendorAddress, VendorUsername, VendorPassword, Latitude, Longtitude, HubID) values (11, 'Edward Ferry', '4117 Fair Oaks Road', 'eferrya', 'U66ChQjuaeH', 36.973912, 121.793839, 11);
insert into Vendor (VendorID, VendorName, VendorAddress, VendorUsername, VendorPassword, Latitude, Longtitude, HubID) values (12, 'Keefer Antram', '9 Browning Circle', 'kantramb', '9eA4b9m1ErU', 34.5594987, 112.4678779, 12);
insert into Vendor (VendorID, VendorName, VendorAddress, VendorUsername, VendorPassword, Latitude, Longtitude, HubID) values (13, 'Aliza Stanyland', '3 Fairfield Park', 'astanylandc', '3RV3tTqKR9V', 26.9105097, 68.1863546, 13);
insert into Vendor (VendorID, VendorName, VendorAddress, VendorUsername, VendorPassword, Latitude, Longtitude, HubID) values (14, 'Fan Erlam', '6 Lindbergh Plaza', 'ferlamd', 'ClSpIcpzN', 41.7220316, 25.3726469, 14);
insert into Vendor (VendorID, VendorName, VendorAddress, VendorUsername, VendorPassword, Latitude, Longtitude, HubID) values (15, 'Ginger Hursey', '10 Clove Park', 'ghurseye', 'Kcx6TRTKS', 37.0657211, 136.7827153, 15);
insert into Vendor (VendorID, VendorName, VendorAddress, VendorUsername, VendorPassword, Latitude, Longtitude, HubID) values (16, 'Georgeta Leacock', '3823 Dryden Park', 'gleacockf', 'sN3zY7eZz3O', 13.460657, -15.5225259, 16);
insert into Vendor (VendorID, VendorName, VendorAddress, VendorUsername, VendorPassword, Latitude, Longtitude, HubID) values (17, 'Ilsa Evins', '456 Lakewood Pass', 'ievinsg', 'fX1XiOW', 15.2678504, -88.2892972, 17);
insert into Vendor (VendorID, VendorName, VendorAddress, VendorUsername, VendorPassword, Latitude, Longtitude, HubID) values (18, 'Edith Nevitt', '630 Del Mar Lane', 'enevitth', 'YaJ7G3xkw', -8.6028125, 121.8135556, 18);
insert into Vendor (VendorID, VendorName, VendorAddress, VendorUsername, VendorPassword, Latitude, Longtitude, HubID) values (19, 'Lonnie Aliberti', '9584 Lunder Lane', 'lalibertii', 'pNjVnn6t', 39.7825, 116.3877778, 19);
insert into Vendor (VendorID, VendorName, VendorAddress, VendorUsername, VendorPassword, Latitude, Longtitude, HubID) values (20, 'Mitchael Emsley', '96467 Schlimgen Avenue', 'memsleyj', 'kM9hNHkCm76', 32.244032, 35.064616, 20);

-- customer
insert into Customer (CustomerID, CustomerName, CustomerAddress, CustomerUsername, CustomerPassword, Latitude, Longtitude, HubID) values (1, 'Fredelia Eymor', '4 Orin Terrace', 'feymor0', '44cYLPD', -5.881878, 35.2175944, 1);
insert into Customer (CustomerID, CustomerName, CustomerAddress, CustomerUsername, CustomerPassword, Latitude, Longtitude, HubID) values (2, 'Gustavus Barneveld', '0 Roxbury Hill', 'gbarneveld1', 'wtQmsJbWUww', -25.1694494, 45.0606557, 2);
insert into Customer (CustomerID, CustomerName, CustomerAddress, CustomerUsername, CustomerPassword, Latitude, Longtitude, HubID) values (3, 'Zebulon Locks', '798 Lukken Plaza', 'zlocks2', 'nJkIceSIzW', 27.4378935, 30.8162909, 3);
insert into Customer (CustomerID, CustomerName, CustomerAddress, CustomerUsername, CustomerPassword, Latitude, Longtitude, HubID) values (4, 'Kit Glennon', '3 Harbort Hill', 'kglennon3', 'eQJxPVasE', 24.479833, 118.089425, 4);
insert into Customer (CustomerID, CustomerName, CustomerAddress, CustomerUsername, CustomerPassword, Latitude, Longtitude, HubID) values (5, 'Maximilien Dulany', '7763 Holy Cross Junction', 'mdulany4', 'k6hUGe', 26.82808, 114.835777, 5);
insert into Customer (CustomerID, CustomerName, CustomerAddress, CustomerUsername, CustomerPassword, Latitude, Longtitude, HubID) values (6, 'Ole Fearneley', '5811 Cottonwood Parkway', 'ofearneley5', '8oUAfv', -8.1485516, 115.0983069, 6);
insert into Customer (CustomerID, CustomerName, CustomerAddress, CustomerUsername, CustomerPassword, Latitude, Longtitude, HubID) values (7, 'Vittorio McNamara', '5570 Stephen Avenue', 'vmcnamara6', 'br7E68', 39.999174, 118.701144, 7);
insert into Customer (CustomerID, CustomerName, CustomerAddress, CustomerUsername, CustomerPassword, Latitude, Longtitude, HubID) values (8, 'Dorella Weth', '90928 Grover Pass', 'dweth7', '1IT7dnB', 41.124339, -8.1927645, 8);
insert into Customer (CustomerID, CustomerName, CustomerAddress, CustomerUsername, CustomerPassword, Latitude, Longtitude, HubID) values (9, 'Yule Matteoli', '840 Glendale Place', 'ymatteoli8', 'Uws8AdqWa', 46.00582, 40.45682, 9);
insert into Customer (CustomerID, CustomerName, CustomerAddress, CustomerUsername, CustomerPassword, Latitude, Longtitude, HubID) values (10, 'Miner Madner', '61318 Vahlen Lane', 'mmadner9', 'OlQo15', 13.622392, -87.6556468, 10);
insert into Customer (CustomerID, CustomerName, CustomerAddress, CustomerUsername, CustomerPassword, Latitude, Longtitude, HubID) values (11, 'Gaby Schwant', '3 Annamark Circle', 'gschwanta', 'yVK1li', 50.1064489, 14.5744479, 11);
insert into Customer (CustomerID, CustomerName, CustomerAddress, CustomerUsername, CustomerPassword, Latitude, Longtitude, HubID) values (12, 'Peria Straffon', '73050 Mallard Hill', 'pstraffonb', 'mvzBUys', 14.5643857, 121.1293312, 12);
insert into Customer (CustomerID, CustomerName, CustomerAddress, CustomerUsername, CustomerPassword, Latitude, Longtitude, HubID) values (13, 'Karole Di Maggio', '08018 Golf Drive', 'kdic', 'D5AWKySi1TP', 52.9490114, 22.9564233, 13);
insert into Customer (CustomerID, CustomerName, CustomerAddress, CustomerUsername, CustomerPassword, Latitude, Longtitude, HubID) values (14, 'Haleigh Blakiston', '9118 Everett Point', 'hblakistond', 'Sy4SvNGWqY', 33.2391279, 130.2750995, 14);
insert into Customer (CustomerID, CustomerName, CustomerAddress, CustomerUsername, CustomerPassword, Latitude, Longtitude, HubID) values (15, 'Westbrook Oakden', '9 Hazelcrest Alley', 'woakdene', 'wOWSf4NPw', 50.1552166, 20.397498, 15);
insert into Customer (CustomerID, CustomerName, CustomerAddress, CustomerUsername, CustomerPassword, Latitude, Longtitude, HubID) values (16, 'Fedora Shortin', '32 Hoepker Point', 'fshortinf', '2a8x0sIH0', 10.2581682, 105.2721456, 16);
insert into Customer (CustomerID, CustomerName, CustomerAddress, CustomerUsername, CustomerPassword, Latitude, Longtitude, HubID) values (17, 'Bartholomeo Litherland', '561 Farragut Lane', 'blitherlandg', 'K0gErPgLsMEO', 45.5417415, -73.471152, 17);
insert into Customer (CustomerID, CustomerName, CustomerAddress, CustomerUsername, CustomerPassword, Latitude, Longtitude, HubID) values (18, 'Lulu Nathan', '5 Bashford Park', 'lnathanh', 'Y3KZ7cW', -34.5937209, -58.5035787, 18);
insert into Customer (CustomerID, CustomerName, CustomerAddress, CustomerUsername, CustomerPassword, Latitude, Longtitude, HubID) values (19, 'Stanton Helgass', '71 Schiller Alley', 'shelgassi', 'u5mq6OXO1nU', 34.8389466, 134.7007309, 19);
insert into Customer (CustomerID, CustomerName, CustomerAddress, CustomerUsername, CustomerPassword, Latitude, Longtitude, HubID) values (20, 'Davy Etter', '49928 Reinke Park', 'detterj', '7NjlWYej2', 41.5533401, -8.6434885, 20);

-- hub
insert into Hub (HubID, HubName, HubAddress, Latitude, Longtitude) values (1, 'Shayna Kennermann', '9855 Nelson Terrace', -0.6256517, 100.1233396);
insert into Hub (HubID, HubName, HubAddress, Latitude, Longtitude) values (2, 'Reena Ventum', '84 Maple Place', 51.4255297, -0.2050566);
insert into Hub (HubID, HubName, HubAddress, Latitude, Longtitude) values (3, 'Melania McClarence', '9186 Washington Street', -5.456385, 122.612261);
insert into Hub (HubID, HubName, HubAddress, Latitude, Longtitude) values (4, 'Rosaline Bosche', '013 Eastlawn Park', 21.857958, 111.982232);
insert into Hub (HubID, HubName, HubAddress, Latitude, Longtitude) values (5, 'Laurence Puddan', '2845 Waywood Road', 9.3295342, 124.6133794);
insert into Hub (HubID, HubName, HubAddress, Latitude, Longtitude) values (6, 'Garrot Appleton', '2077 Anzinger Junction', -6.9078713, -36.9111057);
insert into Hub (HubID, HubName, HubAddress, Latitude, Longtitude) values (7, 'Penny Cairns', '75983 Arkansas Park', 58.3493356, 13.8300629);
insert into Hub (HubID, HubName, HubAddress, Latitude, Longtitude) values (8, 'Christabel Twentyman', '91 Oriole Hill', 51.8610022, -8.334953);
insert into Hub (HubID, HubName, HubAddress, Latitude, Longtitude) values (9, 'Arnoldo Burnhill', '2537 Little Fleur Drive', 40.1791857, 44.4991029);
insert into Hub (HubID, HubName, HubAddress, Latitude, Longtitude) values (10, 'Dexter Rowth', '95 Paget Drive', 25.4105868, 68.418057);
insert into Hub (HubID, HubName, HubAddress, Latitude, Longtitude) values (11, 'Fenelia Dallander', '47026 Sunnyside Pass', -11.9148486, 43.4969735);
insert into Hub (HubID, HubName, HubAddress, Latitude, Longtitude) values (12, 'Amelie Schout', '5383 Hoepker Park', -6.86277, 109.6222698);
insert into Hub (HubID, HubName, HubAddress, Latitude, Longtitude) values (13, 'Libby Bertome', '836 Mitchell Alley', -12.3992902, -74.8659421);
insert into Hub (HubID, HubName, HubAddress, Latitude, Longtitude) values (14, 'Mirilla Mabbitt', '7 New Castle Point', 30.214647, 20.1402594);
insert into Hub (HubID, HubName, HubAddress, Latitude, Longtitude) values (15, 'Hadlee Meardon', '48462 Scoville Park', 39.109563, 117.223371);
insert into Hub (HubID, HubName, HubAddress, Latitude, Longtitude) values (16, 'Norene Pottinger', '80 Hagan Junction', 48.013733, 122.737467);
insert into Hub (HubID, HubName, HubAddress, Latitude, Longtitude) values (17, 'Robin Butrimovich', '7031 Calypso Place', 51.8433045, 15.6903444);
insert into Hub (HubID, HubName, HubAddress, Latitude, Longtitude) values (18, 'Archie Story', '81026 Orin Way', 45.0806751, 7.6873152);
insert into Hub (HubID, HubName, HubAddress, Latitude, Longtitude) values (19, 'Claudette Driuzzi', '424 Bashford Circle', 40.767544, 114.886335);
insert into Hub (HubID, HubName, HubAddress, Latitude, Longtitude) values (20, 'Gray Fenners', '19173 Buell Court', 39.646905, 97.130625);

-- shipper
insert into Shipper (ShipperID, ShipperUsername, ShipperPassword, HubID) values (1, 'Teodoor Woolens', 'rYRGyYl', 1);
insert into Shipper (ShipperID, ShipperUsername, ShipperPassword, HubID) values (2, 'Alexandro Conlon', 'sFSjlxT1tGg', 2);
insert into Shipper (ShipperID, ShipperUsername, ShipperPassword, HubID) values (3, 'Ariel Hiseman', 'scGn1Tk', 3);
insert into Shipper (ShipperID, ShipperUsername, ShipperPassword, HubID) values (4, 'Trace Divina', 'eTgKaBqM', 4);
insert into Shipper (ShipperID, ShipperUsername, ShipperPassword, HubID) values (5, 'Juan Shreve', 'HomwriOkPgHt', 5);
insert into Shipper (ShipperID, ShipperUsername, ShipperPassword, HubID) values (6, 'Lilas Dunbar', 'ogBPiTi', 6);
insert into Shipper (ShipperID, ShipperUsername, ShipperPassword, HubID) values (7, 'Daren Bonnier', 'jcUMdJy', 7);
insert into Shipper (ShipperID, ShipperUsername, ShipperPassword, HubID) values (8, 'Anselma Sivyour', 'Fa8EZy8', 8);
insert into Shipper (ShipperID, ShipperUsername, ShipperPassword, HubID) values (9, 'Pancho Mahood', 'qpcUbDh0TGY', 9);
insert into Shipper (ShipperID, ShipperUsername, ShipperPassword, HubID) values (10, 'Baxie Branford', 'TlNPyCx', 10);
insert into Shipper (ShipperID, ShipperUsername, ShipperPassword, HubID) values (11, 'Griswold Chaplin', 'TdHSEG3T', 11);
insert into Shipper (ShipperID, ShipperUsername, ShipperPassword, HubID) values (12, 'Glenden Purdon', 'NYTOVKz1vW', 12);
insert into Shipper (ShipperID, ShipperUsername, ShipperPassword, HubID) values (13, 'Missy Strutton', 'k042u3ODOZ', 13);
insert into Shipper (ShipperID, ShipperUsername, ShipperPassword, HubID) values (14, 'Alvie Pietrzyk', 'ffGK3Xe7k4Yz', 14);
insert into Shipper (ShipperID, ShipperUsername, ShipperPassword, HubID) values (15, 'Star Polin', 'JDTUqjvzY', 15);
insert into Shipper (ShipperID, ShipperUsername, ShipperPassword, HubID) values (16, 'Laney Farfalameev', 'avsy7tKKQ', 16);
insert into Shipper (ShipperID, ShipperUsername, ShipperPassword, HubID) values (17, 'Melly Berling', 'VQPkcLPysv21', 17);
insert into Shipper (ShipperID, ShipperUsername, ShipperPassword, HubID) values (18, 'Darcee Cherm', 'dLlAa1o3cZCX', 18);
insert into Shipper (ShipperID, ShipperUsername, ShipperPassword, HubID) values (19, 'Bayard Entwisle', 'CY3cyOJy4', 19);
insert into Shipper (ShipperID, ShipperUsername, ShipperPassword, HubID) values (20, 'Victoir Maxted', 'a6pTmAe', 20);

-- orders
insert into Orders (OrderID, CustomerID, VendorID, ShipperID, HubID, OrderStatus) values (1, 1, 1, 1, 1, Ready);
insert into Orders (OrderID, CustomerID, VendorID, ShipperID, HubID, OrderStatus) values (2, 2, 2, 2, 2, Ready);
insert into Orders (OrderID, CustomerID, VendorID, ShipperID, HubID, OrderStatus) values (3, 3, 3, 3, 3, Ready);
insert into Orders (OrderID, CustomerID, VendorID, ShipperID, HubID, OrderStatus) values (4, 4, 4, 4, 4, Ready);
insert into Orders (OrderID, CustomerID, VendorID, ShipperID, HubID, OrderStatus) values (5, 5, 5, 5, 5, Ready);
insert into Orders (OrderID, CustomerID, VendorID, ShipperID, HubID, OrderStatus) values (6, 6, 6, 6, 6, Ready);
insert into Orders (OrderID, CustomerID, VendorID, ShipperID, HubID, OrderStatus) values (7, 7, 7, 7, 7, Ready);
insert into Orders (OrderID, CustomerID, VendorID, ShipperID, HubID, OrderStatus) values (8, 8, 8, 8, 8, Ready);
insert into Orders (OrderID, CustomerID, VendorID, ShipperID, HubID, OrderStatus) values (9, 9, 9, 9, 9, Ready);
insert into Orders (OrderID, CustomerID, VendorID, ShipperID, HubID, OrderStatus) values (10, 10, 10, 10, 10, Ready);
insert into Orders (OrderID, CustomerID, VendorID, ShipperID, HubID, OrderStatus) values (11, 11, 11, 11, 11, Ready);
insert into Orders (OrderID, CustomerID, VendorID, ShipperID, HubID, OrderStatus) values (12, 12, 12, 12, 12, Ready);
insert into Orders (OrderID, CustomerID, VendorID, ShipperID, HubID, OrderStatus) values (13, 13, 13, 13, 13, Ready);
insert into Orders (OrderID, CustomerID, VendorID, ShipperID, HubID, OrderStatus) values (14, 14, 14, 14, 14, Ready);
insert into Orders (OrderID, CustomerID, VendorID, ShipperID, HubID, OrderStatus) values (15, 15, 15, 15, 15, Ready);
insert into Orders (OrderID, CustomerID, VendorID, ShipperID, HubID, OrderStatus) values (16, 16, 16, 16, 16, Ready);
insert into Orders (OrderID, CustomerID, VendorID, ShipperID, HubID, OrderStatus) values (17, 17, 17, 17, 17, Ready);
insert into Orders (OrderID, CustomerID, VendorID, ShipperID, HubID, OrderStatus) values (18, 18, 18, 18, 18, Ready);
insert into Orders (OrderID, CustomerID, VendorID, ShipperID, HubID, OrderStatus) values (19, 19, 19, 19, 19, Ready);
insert into Orders (OrderID, CustomerID, VendorID, ShipperID, HubID, OrderStatus) values (20, 20, 20, 20, 20, Ready);

-- products
insert into Product (ProductID, ProductName, ProductDescription, VendorID, OrderStatus, Price, haveExtraField, added_date) values (1, 'Munchies Honey Sweet Trail Mix', 'Toys', 1, Ready, 630310, 'Human Resources', '17/4/2022');
insert into Product (ProductID, ProductName, ProductDescription, VendorID, OrderStatus, Price, haveExtraField, added_date) values (2, 'Fennel - Seeds', 'Games', 2, Ready, 836969, 'Human Resources', '15/2/2022');
insert into Product (ProductID, ProductName, ProductDescription, VendorID, OrderStatus, Price, haveExtraField, added_date) values (3, 'Danishes - Mini Raspberry', 'Books', 3, Ready, 551747, 'Accounting', '21/3/2022');
insert into Product (ProductID, ProductName, ProductDescription, VendorID, OrderStatus, Price, haveExtraField, added_date) values (4, 'Tuna - Sushi Grade', 'Sports', 4, Ready, 841138, 'Business Development', '24/6/2022');
insert into Product (ProductID, ProductName, ProductDescription, VendorID, OrderStatus, Price, haveExtraField, added_date) values (5, 'Ecolab - Power Fusion', 'Games', 5, Ready, 323476, 'Support', '30/3/2021');
insert into Product (ProductID, ProductName, ProductDescription, VendorID, OrderStatus, Price, haveExtraField, added_date) values (6, 'Yams', 'Kids', 6, Ready, 713434, 'Marketing', '8/5/2021');
insert into Product (ProductID, ProductName, ProductDescription, VendorID, OrderStatus, Price, haveExtraField, added_date) values (7, 'Water - Spring Water 500ml', 'Outdoors', 7, Ready, 631426, 'Training', '22/11/2022');
insert into Product (ProductID, ProductName, ProductDescription, VendorID, OrderStatus, Price, haveExtraField, added_date) values (8, 'Red Snapper - Fresh, Whole', 'Kids', 8, Ready, 528406, 'Accounting', '17/12/2021');
insert into Product (ProductID, ProductName, ProductDescription, VendorID, OrderStatus, Price, haveExtraField, added_date) values (9, 'Poppy Seed', 'Outdoors', 9, Ready, 989550, 'Business Development', '8/10/2021');
insert into Product (ProductID, ProductName, ProductDescription, VendorID, OrderStatus, Price, haveExtraField, added_date) values (10, 'Bread - 10 Grain', 'Sports', 10, Ready, 934627, 'Accounting', '1/3/2022');
insert into Product (ProductID, ProductName, ProductDescription, VendorID, OrderStatus, Price, haveExtraField, added_date) values (11, 'Nut - Hazelnut, Ground, Natural', 'Games', 11, Ready, 24912, 'Product Management', '14/6/2021');
insert into Product (ProductID, ProductName, ProductDescription, VendorID, OrderStatus, Price, haveExtraField, added_date) values (12, 'Pork - Ham Hocks - Smoked', 'Beauty', 12, Ready, 262537, 'Research and Development', '9/8/2021');
insert into Product (ProductID, ProductName, ProductDescription, VendorID, OrderStatus, Price, haveExtraField, added_date) values (13, 'Tuna - Loin', 'Books', 13, Ready, 425307, 'Product Management', '23/11/2021');
insert into Product (ProductID, ProductName, ProductDescription, VendorID, OrderStatus, Price, haveExtraField, added_date) values (14, 'Ham - Cooked Bayonne Tinned', 'Music', 14, Ready, 542167, 'Product Management', '22/5/2021');
insert into Product (ProductID, ProductName, ProductDescription, VendorID, OrderStatus, Price, haveExtraField, added_date) values (15, 'English Muffin', 'Movies', 15, Ready, 330808, 'Training', '16/10/2021');
insert into Product (ProductID, ProductName, ProductDescription, VendorID, OrderStatus, Price, haveExtraField, added_date) values (16, 'Coconut - Shredded, Unsweet', 'Computers', 16, Ready, 674064, 'Research and Development', '17/2/2022');
insert into Product (ProductID, ProductName, ProductDescription, VendorID, OrderStatus, Price, haveExtraField, added_date) values (17, 'Wine - Peller Estates Late', 'Jewelry', 17, Ready, 757480, 'Product Management', '12/9/2021');
insert into Product (ProductID, ProductName, ProductDescription, VendorID, OrderStatus, Price, haveExtraField, added_date) values (18, 'Wine - Cave Springs Dry Riesling', 'Jewelry', 18, Ready, 305279, 'Human Resources', '1/3/2022');
insert into Product (ProductID, ProductName, ProductDescription, VendorID, OrderStatus, Price, haveExtraField, added_date) values (19, 'Onions - White', 'Automotive', 19, Ready, 692413, 'Services', '18/6/2021');
insert into Product (ProductID, ProductName, ProductDescription, VendorID, OrderStatus, Price, haveExtraField, added_date) values (20, 'Mushroom - Lg - Cello', 'Beauty', 20, Ready, 130724, 'Services', '22/11/2022');
